{"cameraMode":{"drawMode":0,"name":"Shaded","section":"Shading Mode"},"sceneLighting":true,"audioPlay":false,"sceneViewState":{"m_AlwaysRefresh":false,"showFog":true,"showSkybox":true,"showFlares":true,"showImageEffects":true,"showParticleSystems":true,"showVisualEffectGraphs":true,"m_FxEnabled":true},"in2DMode":false,"pivot":{"x":-0.3561292886734009,"y":1.7231626510620118,"z":1.534510612487793},"rotation":{"x":0.08458550274372101,"y":0.8931460380554199,"z":-0.18925608694553376,"w":0.39917507767677309},"size":0.8399180173873901,"orthographic":true}