{"cameraMode":{"drawMode":0,"name":"Shaded","section":"Shading Mode"},"sceneLighting":true,"audioPlay":false,"sceneViewState":{"m_AlwaysRefresh":false,"showFog":true,"showSkybox":true,"showFlares":true,"showImageEffects":true,"showParticleSystems":true,"showVisualEffectGraphs":true,"m_FxEnabled":true},"in2DMode":false,"pivot":{"x":2.0613911151885988,"y":0.5961412191390991,"z":-1.9636847972869874},"rotation":{"x":0.058773528784513476,"y":0.8636305332183838,"z":-0.10360673815011978,"w":0.4898829460144043},"size":2.510253667831421,"orthographic":false}