{"cameraMode":{"drawMode":0,"name":"Shaded","section":"Shading Mode"},"sceneLighting":true,"audioPlay":false,"sceneViewState":{"m_AlwaysRefresh":false,"showFog":true,"showSkybox":true,"showFlares":true,"showImageEffects":true,"showParticleSystems":true,"showVisualEffectGraphs":true,"m_FxEnabled":true},"in2DMode":false,"pivot":{"x":7.66349458694458,"y":1.3171488046646119,"z":-0.8191016912460327},"rotation":{"x":-0.013840101659297943,"y":-0.8218591213226318,"z":0.019982701167464258,"w":-0.5691778659820557},"size":3.0795512199401857,"orthographic":false}