{"cameraMode":{"drawMode":0,"name":"Shaded","section":"Shading Mode"},"sceneLighting":true,"audioPlay":false,"sceneViewState":{"m_AlwaysRefresh":false,"showFog":true,"showSkybox":true,"showFlares":true,"showImageEffects":true,"showParticleSystems":true,"showVisualEffectGraphs":true,"m_FxEnabled":true},"in2DMode":false,"pivot":{"x":-2.7156383991241457,"y":-0.6630871891975403,"z":98.01136016845703},"rotation":{"x":-0.013189679011702538,"y":0.004496465902775526,"z":0.00005880860044271685,"w":0.9999127388000488},"size":3.657940626144409,"orthographic":true}