{"cameraMode":{"drawMode":0,"name":"Shaded","section":"Shading Mode"},"sceneLighting":true,"audioPlay":false,"sceneViewState":{"m_AlwaysRefresh":false,"showFog":true,"showSkybox":true,"showFlares":true,"showImageEffects":true,"showParticleSystems":true,"showVisualEffectGraphs":true,"m_FxEnabled":true},"in2DMode":false,"pivot":{"x":980.8897705078125,"y":614.6439208984375,"z":1089.319580078125},"rotation":{"x":0.044384218752384189,"y":0.002129774307832122,"z":-0.0000736701549612917,"w":0.9990361928939819},"size":1263.0594482421875,"orthographic":false}